{
  "input_dim": 13,
  "letter_classes": [
    "A",
    "B",
    "C",
    "D",
    "E",
    "F",
    "G",
    "H",
    "I",
    "K",
    "L",
    "M",
    "N",
    "O",
    "P",
    "Q",
    "R",
    "S",
    "T",
    "U",
    "V",
    "W",
    "X",
    "Y"
  ],
  "norm_mean": [
    0.9864314794540405,
    1.066981315612793,
    1.3356945514678955,
    1.7866191864013672,
    1.7023627758026123,
    0.22336554527282715,
    0.23360878229141235,
    0.2584201693534851,
    0.4627070426940918,
    1.0124348402023315,
    1.377946138381958,
    1.8240107297897339,
    1.6461131572723389
  ],
  "norm_std": [
    0.43234768509864807,
    0.7113634347915649,
    0.8933056592941284,
    0.8572078943252563,
    0.8933176398277283,
    0.03625967353582382,
    0.04035738483071327,
    0.042311545461416245,
    0.3780011534690857,
    0.9617427587509155,
    1.0203826427459717,
    0.8668408989906311,
    0.9037940502166748
  ],
  "feature": "aug_H_13dim",
  "dataset": "signn",
  "test_acc": 0.9648979591836735,
  "val_acc": 0.9583673469387755
}